{
    "data":{
        "1": {
            "title": {
                "text": "Build"
            },
            "description": "lorem ipsum dolor sit amet",
            "img": "https://source.unsplash.com/random"
        },
        "2": {
            "title": {
                "text": "your"
            },
            "description": "lorem ipsum dolor sit amet",
            "img": "https://source.unsplash.com/random"
        },
        "3": {
            "title": {
                "text": "weaknesses"
            },
            "description": "lorem ipsum dolor sit amet",
            "img": "https://source.unsplash.com/random"
        },
        "4": {
            "title": {
                "text": "until"
            },
            "description": "lorem ipsum dolor sit amet",
            "img": "https://source.unsplash.com/random"
        },
        "5": {
            "title": {
                "text": "they"
            },
            "description": "lorem ipsum dolor sit amet",
            "img": "https://source.unsplash.com/random"
        },
        "6": {
            "title": {
                "text": "become"
            },
            "description": "lorem ipsum dolor sit amet",
            "img": "https://source.unsplash.com/random"
        },
        "7": {
            "title": {
                "text": "your"
            },
            "description": "lorem ipsum dolor sit amet",
            "img": "https://source.unsplash.com/random"
        },
        "8": {
            "title": {
                "text": "strong"
            },
            "description": "lorem ipsum dolor sit amet",
            "img": "https://source.unsplash.com/random"
        },
        "9": {
            "title": {
                "text": "points"
            },
            "description": "lorem ipsum dolor sit amet",
            "img": "https://source.unsplash.com/random"
        }
    }
}